,artist_name,artist_id,genre
0,El Javi,6qZksHG4gzbRx3FZplO4Ls,[]
1,Br80,3x0tOQYysaBspzDp0PGDoM,[]
2,JpThaRuler,1n5X8uMaNKFI4BAXFpD2AZ,['westcoast flow']
3,Jimmy D,7g0eqYROzcQjp6Jflh7dPT,[]
4,Kafime,2PkEwFBI1VcQL5VYtFMd9h,[]
5,Yvng 7,2ZWVQzEjNfIydXDKtQalWN,[]
6,Talamaur,4KvSIbNlSsZ12tGXO6Jwo3,[]
7,Blockos,10epWCA0VX1WJKDffm8y7h,[]
8,AC3!,6J1pp5JZacuWUGJUcctSDr,[]
9,PROZVC,4pMTZqDH6vCRzSDy4dOvGR,[]
10,Ebenlo,1aHfKvaSC0s1YFSYb5V1IP,[]
11,Metzger Beats,51pSdKsnCMmLMW3OPK33fi,[]
12,Eric C Lyden,2LhErcEFZeRLTRvyn0cyz3,[]
13,Yonny,6FHpiparqe3BdjjfHyNXNJ,[]
14,OD ObviouslyDifferent,7w86Cap7wkjvpmvVXIQFOf,[]
15,RWE REA,5ndCWBjy6LJtWdYmbDiXI8,[]
16,Chris Hawkey,65UKFpwE4UcKay5acD6Dvp,['country pop']
17,Tammy Caesar,1Lu6LDR0EkfZi4L06O73RC,[]
18,ynslilblake,6kx1VhlWt7xtieIfCJaUml,[]
19,Satin,5p6th7vt7x3vFbBYmhOFsE,[]
20,Classical Lullabies TaTaTa,466JHuLLsvbNYj0LGUoU5W,['lullaby']
21,The Consequences of Our Own Actions,3RazBZ86VGxJErdeVPQUdT,[]
22,Love Noka,57HSmhUFE49uUMizGB4MW0,['phoenix indie']
23,GhostEntertainmentMusic,3lVAXVzLj5rv5kZ0AJqSSv,[]
24,DTAP,6bl1UOtEMog4pq22RTg8Ab,[]
25,LilRyan,2ybqOlPAzSNpxuSrJol2R0,[]
26,Vicious Teknique,6RBNZiacrZR9qaof2aak4A,[]
27,Jay Brown the Cowboy Boss,2PfYazboLumxdDM3X3A0U7,[]
28,Da Foundation,5d8B1IrcNRMqL1SM8YnUlx,[]
29,Brett Schleicher,1Vx5OLiZcfDz95ReoCSBQc,[]
30,TEXAS BOYZ,40qj4OBMZQvOZfqhoSE758,[]
31,Various Artists,0LyfQWJT6nXafLPZqxe9Of,[]
32,Mack Biggers,1sjjaAbcQF0iQPM3YhGbU3,[]
33,JBT 45,7gQqLl5PjPvRxm80mEHMHQ,[]
34,Dr. Charles G. Hayes,46Lq0z4kAyZehou1hnoQga,[]
35,Dino BTW,4ntfGY98LWEncjHnw0XBaj,['trap queen']
36,Jared Dixon,3eKKoEbiLMpeKYNCb31rer,[]
37,Hosty,515b3CJD3LwLfr6npvIUdA,[]
38,The Nielsen Family Band,7qJ01dvfd5DvagmW2x7ZdW,[]
39,Kidzone,6i1qu6ITcSL2Ss6qr7Nzkn,[]
40,Silktail,5tKDSAGGnohXmVaN75wYP1,[]
41,Cousin Simple,2E2W9MFs2OLciSGq8Mp03r,[]
42,Adrian Bagher,2LtS36tEm1eMboVt2gQaxm,[]
43,Mimi Naja,5NM14aQ5fNER0bDEcwcL65,[]
44,Matthew Sweet,2idymNTKUdnTxforkb12Mw,"['alternative country', 'alternative pop', 'alternative rock', 'jangle pop', 'laboratorio', 'pop rock', 'power pop', 'roots rock', 'underground power pop']"
45,Takedown Demon,3Iqy8Y8tCYPNJSQi4btCrH,[]
46,Boxelder,4IOp11OGJu17ORbUA6FqsK,[]
47,Pink Noise Therapy,1a6j9ZTTXIkIpI7mBH7SPk,['white noise']
48,Dave P,5mcw3986gGOk4ppOH8KnrV,[]
49,1700 Quan,02cF4Mmd2flDjoQjMv2uKJ,[]
50,Big Bando,7k0JwoXRbQuFIQEsPZT11A,[]
51,Vapid Rumors,1oZqvn5s4FcinO5TgWKnhk,[]
52,曹依振,5i3PG6XFuMVV4xV6SeVCDX,[]
53,Bummer Hill,093hg8dfGj12VX0LKFltAn,[]
54,Fin Varra,3DqTw0NJrXaPEW6WUiTmaE,[]
55,The Wires,0bxahn8CFfPkNvNc81Zmxr,[]
56,Aaron & Jeoffrey,6us91OXxtp7vOMyD9OAY5r,[]
57,Ty Walker,2RcAs0GpFgsz55D0NkmkBb,[]
58,Blackjesus Yoshua,2Dy3fOAUcKb7G3NdUcQuEG,[]
59,Bird,2eX40MH1c7T9cgiMOOyjID,[]
60,Parking Lot Party,3kAh6dZjx5QY4XSmXZYwQ9,[]
61,Deligah Grier Publishing,08tubbiOMEuPGbZ2FaLS08,[]
62,David Mayfield,2JdPy59pxHoq6m6pfgILnI,[]
63,HavinMotion,4Gl9z6ofcOFmKePvJJkaEv,[]
64,TrapmoneyWink,7ezNY3NhdwWExIEzF6uYTm,[]
65,Money Tigger,3d2Bg5bAiyK8hzMf4q1oYv,[]
66,Newport,6bVgPdXYZVIXXn5kVISSGs,['anthem worship']
67,The Brand New Heavies,3DEveX6KVzhPDqq2VRuN14,['acid jazz']
68,Zeros Second,3gSj9Xz1PXyVUXNS4zLBYd,[]
69,Constructicon,1sKDC4kZEJhV0HckyaCNaN,[]
70,Tropicalísimo Apache,1veLiIQBt4YcFO5Z36DwFO,"['cumbia lagunera', 'gruperas inmortales', 'musica coahuilense', 'tropical']"
71,Edgar Dickey,0CjutvaICcFL2wlYQ3kQRQ,[]
72,Truco Truco,2Z10FhVYFcboFJYbDyOefX,[]
73,Jstream,5rTMsjoDdOPEvtRuNx9spN,[]
74,AveBabyy,00JazNo8gow13inraufYRj,[]
75,XanMan,1cyidXIhLIwg1WAEm7rJQP,"['dmv rap', 'vapor trap']"
76,Pure Elegance,1MNXP3xNtL6tvPZKy7RZUw,['go-go']
77,Flip Thv Script,4pnF4ADfSl3tTlB73ZgFL8,[]
78,Mairin May,5rvKp0ih5CWVm06Y5mII5x,[]
79,Demian Slade,1wmEd0a19M1TXzunT8NkOP,[]
80,Pure Elegance,1MNXP3xNtL6tvPZKy7RZUw,['go-go']
81,Q Drippy,3QuyZ4EYYHJY3uFLrV3A22,[]
82,Milly Racks,3oTxYvPIeaVa60CkdJbhbS,[]
83,10ShotCy,3UqtorHHingUFtq7MFZyTt,[]
84,Wild Powwers,5TsPvF1vgTf6y7GGtMUgw0,"['cascadia psych', 'seattle indie']"
85,DonSix,0ACDIjRWG2WiXbs5VwifX8,[]
86,DonSix,0ACDIjRWG2WiXbs5VwifX8,[]
87,AB Dankoo,53cbFZC6k13AJLW5ZUzuor,[]
88,Big U On The Beat,6AaNmoBLIgrhGYYGUusgSK,[]
89,DonSix,0ACDIjRWG2WiXbs5VwifX8,[]
90,Elysium SZN,1nLZBIHNoPuH1JKS6W8W1T,[]
91,Gizzle00,2MroYkzRIgFdq0QJFH9fmV,[]
92,TAB Flamez,5Fmg5AfE7yDVOgfKysYa4q,[]
93,Malachi X,6E3PcupuACrX987VQ1oXiW,"['baton rouge rap', 'deep southern trap']"
94,Bluzi Bythaway,5BJzBCzjt01covtzgPUMf5,[]
95,Pure Elegance,1MNXP3xNtL6tvPZKy7RZUw,['go-go']
96,Jin Riko,5LsUnnWqHxScXKcB9TyEzz,[]
97,MT Kbandz,2bdzDiDkvs0r81J8iWEcq4,[]
98,MT Kbandz,2bdzDiDkvs0r81J8iWEcq4,[]
99,Rouga Lirical,6RmoUEVZCB0JxSsKlQvYuv,[]
100,AVXiD,599qEWmOBLBMl4UbsRCaEk,[]
101,Co Staccs,5aT3HQGQARbprSH4qCT3ZR,[]
102,Foul Al,2iBVJQuzpu8PLM3W6mHZFg,[]
103,MT Kbandz,2bdzDiDkvs0r81J8iWEcq4,[]
104,Royal Misfit,6qRbqDgUGcH6tNHWN6NTcr,[]
105,Lokalboy,02RQAXLERvr8S2pbPN1FRs,[]
106,Crude Moxie,0cvjGM6n0Ix8cnajCVESJy,[]
107,Qiao Lu,1B0iyhotaNDpULkWPjg8pD,[]
108,A.b.lewis,2b1avJYyTQcbT70gdgxFyp,[]
109,Truth Among Ashes,3Xt6s51i52V6U4nCW1SOiG,[]
110,DeadisunknXwn,7N3ONTcw87YNYP9JDuQC28,[]
111,A.b.lewis,2b1avJYyTQcbT70gdgxFyp,[]
112,L'a Papas,768B9eUEBu1NbexFSW7p6o,[]
113,Jackley Sky,5pbiMrKCFUzllt3FS7VNOf,[]
114,FLORES,1V5oIK13RsNmrZ0YJP4PE1,[]
115,Slimey Beezo,4ctjFmTtPirN4OH3CeJxVa,[]
116,Jackley Sky,5pbiMrKCFUzllt3FS7VNOf,[]
117,Kellkito,1RoKYbqdxh3IkjxNMQmt6r,[]
118,Castel,3OHBJor6am5GWyD2PbluMq,[]
119,Kay Boogie,1m0lBXBQtim948mrNIiWlk,[]
120,.godclap,2zl6CkZRrM1HDHhkHGJgwM,[]
121,MT Kbandz,2bdzDiDkvs0r81J8iWEcq4,[]
122,MT Kbandz,2bdzDiDkvs0r81J8iWEcq4,[]
123,Gloxkfrmdaland,2kTC4KlYKxFp2UB3F0KXkY,[]
124,Lee Lo,0zuuDTA9iaMCe4A6m2v93M,[]
125,LIL Celebrity,7zFlIOD0gmJcXjHfzQ6WHL,[]
126,Cmax,1dMg6rcugq7E2ucvPjQifB,[]
127,Ky,20TMyijjd3enMwmkoyh4QE,[]
128,Castel,3OHBJor6am5GWyD2PbluMq,[]
129,Highclass23,0NKqQYzz1s3qE3XQZlai0P,[]
130,luhtaeman,6iLQCgE2PN7rGg4MjDa3fk,[]
131,Castel,3OHBJor6am5GWyD2PbluMq,[]
132,MT Kbandz,2bdzDiDkvs0r81J8iWEcq4,[]
133,MT Kbandz,2bdzDiDkvs0r81J8iWEcq4,[]
134,Winno,5JlalTeig8yOnvDXFqVp8B,[]
135,Rifa,7BkzBO2KDFjalDiJq1LaLN,[]
136,Tall Itty,5u89muLidfsTnNdHIjW1bF,[]
137,MoneyBagKZ,4IgWGPB2YjmAw8qegnml7I,[]
138,Pure Elegance,1MNXP3xNtL6tvPZKy7RZUw,['go-go']
139,Trezzio,1hZq8oFA9zTH7Csa7hvWVt,[]
140,Playboitendo,4JkkiSWbqdPPVmNGoSTZ3i,[]
141,Orrin King,7CWTd4Zg6Gf9LldbQQjhzU,[]
142,The Dibbles,607jiaqsGFqmTkY9fn05IO,[]
143,Daniel O,4DJdmuImcKFYWpR8hXi6mt,[]
144,Prismo Eclectic,5bZ7lcRvoM4iNj2BnsqyKu,[]
145,R Flow La Para,7KAgYcS1wRaVFZn23GkHq9,[]
146,Gee Pugzy,6yIejRtIyJgVi5Dlfw1UHO,[]
147,Gary Chose,7LpARniEQwd3YXs94RPpwx,[]
148,Spice Marley,6wRqxNtK5Yais7jIo78oh8,[]
149,Lul DreDay,3iJk6wDUly0uF53bdlBfvT,[]
150,12 Steps To Nothing,3XjnSlN7qip5gC8Ujnhp8h,[]
151,GSB Paid,2pzDmvYe2IGnwngeropsdK,[]
152,Feral Rawk Addict,7HpFRKyIQpKNboHW1iLl1L,[]
153,Jag Arreola,5hRqWik8aQlUOuoshcoQQl,[]
154,Dayami,6kC3MEEogEsxYPFJ04psmp,[]
155,Demian Slade,1wmEd0a19M1TXzunT8NkOP,[]
156,Zeplinn,0Dhb5DvCI1DAWGQVr9DmuJ,[]
157,Blahzi,64DBDLjH2dXl4SFf5Zxhw7,[]
158,Sikatris,4FUXY4ClSO31nXsdORfPyT,[]
159,Rifa,7BkzBO2KDFjalDiJq1LaLN,[]
160,生蓝,593zej2vjdb1zuXb9VAy1g,[]
161,Tree1600,0sqn289TU8X6uOGI4QYf4H,[]
162,Saint James,4amcg6gWzL1NDFtCTMjlDF,[]
163,milk,4n9PQEhqhgWxAU88mRqvLR,[]
164,Savvy,12QUyDRjou6AQQhk6G8WK0,[]
165,The HooliganZ,7n8m4rlV4zxnDXb57J6hVs,[]
166,Tony Eufracio,6JwuySIrA961OypVTPcCS1,[]
167,Ethan Setiawan,4PiLSMo2ZPdBLhSNv1Rggn,['mandolin']
168,Last Bronzeman,29d1UEPtA7kzuKVSAYyQky,[]
169,Sensawunda,2AwE6bUBA7dMcUgbD7DHY4,[]
170,Althea,0Jb3fyuGoPuNWu1aEB7SFP,[]
171,Dizzy Spins,4B02Qh68llXQbAqXAyxCL1,[]
172,Sp3ctr3,5oE1CAMFiUDWVzP117kuxv,[]
173,4am Rarri.tv,3CHd4S9ySOTSAlNVEIoEV0,[]
174,DJ WYNTER ONLYRAPPERHEARDWORLDWIDE COKEBOY,1maWNfWjd5tdViITFNp5lj,[]
175,Lou Costello,0XSMxJge1jKr3YCZBht3QT,[]
176,TrakLegend,50yclhdPLsIcAdIlkxyE0O,[]
177,Meditative Zen,04LBIXh5mVJFEgJeW6Frxn,[]
178,Press your luck,2D0r5oTmHchE97Wpe6nqru,[]
179,Fox Teeth,76VMGsrr08CYw4BD3Vl4He,['5th wave emo']
180,Dr S,4jxo0xYy894R3yvRLMII3r,[]
181,v-tec king of la,4B3TnmlASrE7VLQsAtoehO,[]
182,Anajay,7hoB14Iu7QrXTmlaX110BK,[]
183,Vufcup,2uCEAf5eOrlf7srXDrpTHC,[]
184,Mister Fitzwell,6v4icShzjTU6s89r4JaNDJ,[]
185,CashBoy Ballin,4XfWDhsY8ZDD4rCIQCNXBA,[]
186,CallMeMeech,5QuSLyshnL0rww7Lm9wRFN,[]
187,Tmang,37U5dsI8Lt1TzRuzPeE3iq,[]
188,Nikea Ronk,3Bvi3D0GiYUWRDRERZaB9S,[]
189,KHALIKO,0vRN7FbloLuAAlh5sxm0W6,[]
190,Kurlin,1ADqiC2r1whLg9hfDSBFrb,[]
191,ilyzayy,3A36SiIX6HOIxEL22eX51N,[]
192,Janara Crow,1Sk7hj4i5mniXRqYa5ndef,[]
193,King Tut (Turn Up Tony),4Fecmi6OaQ4eLCLOK2wT4C,[]
194,Savelle Tha Native,7cEhqQBVoyY1VFDBpvHAmG,[]
195,QuaZar,4zIhva79U6j8MyzMj3wcy4,[]
196,Sensawunda,2AwE6bUBA7dMcUgbD7DHY4,[]
197,Yotuma,6JuiQATVcjYJoFiYggCcny,[]
198,Zen Path,0Hlk8e0eS29sQU4ws7T7Fr,[]
199,Tren Kanha,4ZX2B5Kr6Y2k1jxkY2RQfO,[]
200,Katye Mireles,6D4PvxHlyk0ULdYZzImHOl,[]
201,BOM,6brObfcmyCwpmvnLbztqry,[]
202,Cvertt,6EikAQRp6RkddXkpOLPR9F,[]
203,Holiday Ray,76tjH317k8yihTx3JDnhtK,[]
204,Durrell Hufford,3d9Ovr0WfceAxGZEcsFXku,[]
205,OhVee,1A89KzpM4FzYcono3gxZkQ,[]
206,WORDPLAY4U2HEAR,4daqiAmOcY8aYRwJ2LVjYP,[]
207,Bob Hewitt,2cbnW1EpZ9tEiQsofB9Aac,[]
208,Vomer,4y1NszR3E4QWXD6Vn4T3SG,[]
209,King Malachi,11Y5DMhFmrd2V2jecswLww,[]
210,MT Kbandz,2bdzDiDkvs0r81J8iWEcq4,[]
211,Jitwickk,4TjO8DcKYNYkkfnurZG9rS,[]
212,Co Staccs,5aT3HQGQARbprSH4qCT3ZR,[]
213,Chaotic,2q3ZAAJRuxj7jSnnk2AlrC,[]
214,Cryingrn,1wnDfOEFkWo2YpRZ71dFWP,[]
215,DeadboyViaell,2qUi9wpyz2MWQR0ifNAA2D,[]
216,Nas34,25pIkLO7biqW6UIGdFHCK3,[]
217,Dr S,4jxo0xYy894R3yvRLMII3r,[]
218,Dj Teddy,0YWnEV8YHz7hiHnCpUzMAv,[]
219,KNXLIDGE,20oan8FSefjbJsLQaC3qpc,[]
220,Ethan Setiawan,4PiLSMo2ZPdBLhSNv1Rggn,['mandolin']
221,Chanielle Degeorge,1mTM9PTXnwmSahHWWz93it,[]
222,Gavin Watts,7boYTQPPPh1kzPMrKCmw0h,[]
223,Various Artists,0LyfQWJT6nXafLPZqxe9Of,[]
224,Nick Nittoli,3xzm09zGUXD96eVSzTVNRj,[]
225,Dem Get Away Boyz,1Y3HdKCnO7XDF3OJHcORyr,[]
226,Dre/Parma,7dqZTKwoJWwOCIMfn4Rolc,[]
227,Tim Atlas,3CiuXDKttPUT0tWGHicFUH,"['indie poptimism', 'indie r&b', 'indie soul', 'vapor soul']"
228,Children Of Bodom,1xUhNgw4eJDZfvumIpcz1B,"['finnish death metal', 'finnish melodeath', 'finnish metal', 'melodic death metal', 'metal', 'power metal']"
229,Jean-Michel Jarre,5MhLmv7GgyjbxGqiIGasvT,"['laboratorio', 'new romantic', 'synthesizer', 'vintage french electronic']"
230,Alanis Morissette,6ogn9necmbUdCppmNnGOdi,"['canadian pop', 'canadian singer-songwriter', 'pop rock', 'singer-songwriter']"
231,Poder del Tigre y Su Musical,04WTVenGxlhdN4H6yN5ESf,[]
232,Various Artists,0LyfQWJT6nXafLPZqxe9Of,[]
233,Sombrio Hermanos,2bZ8eooqULL8GErUZbeNcK,[]
234,The Half Guided Hearts,0l17AUBHIVKJoRTDjTKqHP,[]
235,Racked Up Ready,7rKOrIisrygvHWBpopzWO1,"['baton rouge rap', 'deep southern trap']"
236,Various Artists,0LyfQWJT6nXafLPZqxe9Of,[]
237,Various Artists,0LyfQWJT6nXafLPZqxe9Of,[]
238,Blackjesus Yoshua,2Dy3fOAUcKb7G3NdUcQuEG,[]
239,Wisin & Yandel,1wZtkThiXbVNtj6hee6dz9,"['electro latino', 'latin hip hop', 'reggaeton', 'urbano latino']"
240,Slava Chekhov,0vnWh9PBGGXknBETVnLuNp,[]
241,Latif,13mOBl37EYFyZvud2tlq4E,['urban contemporary']
242,Chilly Gonzales,0qudezVgvl4Chd9BgNFB83,"['compositional ambient', 'neo-classical']"
243,Sprung Monkey,3wJSMJy1CMbp0Nr1QX76AF,[]
244,Jay Juarez,2clcbi7v8ijLLNtfW5dP2u,[]
245,Sound Frames,7gCYkRP68cYo84XiOrbcBg,[]
246,Los Broncos De Cosala,6FZcKGExkQtJcGP3co5StZ,"['classic sierreno', 'tololoche']"
247,Blackjesus Yoshua,2Dy3fOAUcKb7G3NdUcQuEG,[]
248,Young Devi D,52xK58ixgoqggxhrvNJ7b7,['kansas city hip hop']
249,Tyson James,1y5jzAFGwRwzBQq7QnqyLE,['maga rap']
250,Vickie Winans,3lRcuKNnP49qqc0AHfTTAR,['gospel']
251,Tall Cro,5z8nzN1PlcF0uGAHK3Jnzw,[]
252,Golpe Justo,20S9HaBNgZqAuOjmWwhPNm,['puerto rican rock']
253,Dara5hunnid,091JlZEuBx1Nzv17ttEW32,[]
254,Zach Coffey,1UWZzzS9LhAKL666uQrvsF,[]
255,Exodus Music and Sound,3MrKXUUaLX9IpA7c7yLoiJ,[]
256,Kampirano,5fmfWfEtjqDeMFLjoWjjBA,[]
257,Reace Sosa,2ml6G2ZOZkFDXCTFyuWtNZ,[]
258,Achilles,0O5o1VGIaNah2u6OcgbZZa,[]
259,Free Range Marmot,2gmegPZIL7KYDXbCN7IY8Y,[]
260,MixedByCrook,1EVXd5olyLoZ2iZAJvEl0s,[]
261,Bobby Hebb,2uNpV18izVIP7DNusoWbT5,['northern soul']
262,LOS ÑANIS DE GUERRERO,0u8IEbTLMUZ2fgOyvB9tj0,['musica mixteca']
263,Alfred Brendel,5vBh0nve44zwwVF5KWtCwA,"['austrian classical piano', 'classical', 'classical performance', 'classical piano']"
264,Various Artists,0LyfQWJT6nXafLPZqxe9Of,[]
265,4rr Mugz,1d8pL8tfwHIKs3gLlXW81V,[]
266,Magnet,0aPh6hUf7HfSVXtyxQs9AR,['bergen indie']
267,1TakeTheGreat,7EkLbjaNuDQFmB5WAyzSWN,[]
268,Terra Trona,0O9PLt3b6z7CTu96x4LawX,[]
269,FL Dusa,1l39BupEDqsioWGVDXluVG,[]
270,D. Morton and Gifted,1JSFym2oYDUCqvOHwHfnvP,['contemporary gospel']
271,Los Rieleros Del Norte,59xlizZFIFUvLC0I8iV2Jv,"['musica chihuahuense', 'musica mexicana', 'norteno', 'norteno-sax']"
272,Heaven Shall Burn,4sy5qWfwUwpGYBnCKnwfcW,"['german melodeath', 'german metalcore', 'melodic death metal', 'melodic metalcore', 'metalcore']"
273,Ryan Arizona,0XYBM4RlkvJ7bly0G2ygmw,[]
274,Five For Fighting,7FgMLbnZVrEnir95O0YujA,"['acoustic pop', 'neo mellow', 'piano rock', 'pop rock']"
275,Unique,6MOzwCxG4EYv6nWo193Et5,[]
276,Dwalk,6eTtN1ArNtkXCPZJ8riM0T,['kansas city hip hop']
277,LoveSeat,517aB3v0Usrh8vzj9U7CNK,[]
278,2nd Bloxk Qua,7addcInTRiPMCRGykK5xse,[]
279,Kashhhkarii,6BARwOxloM6Cy5D3rhQk1N,['south carolina hip hop']
280,TTG Dree,2mjPtUrQtbvqZAMybcO6Ye,[]
281,Eric Benét,1kjO72M26jZkv0aaGxJaov,"['contemporary r&b', 'neo soul', 'quiet storm', 'r&b', 'urban contemporary']"
282,Two Fingers,2AminfyJLRagEeHO6H6bCS,"['turntablism', 'wonky']"
283,Marcus Randolph May,3MN5Bj59age60eRoZXQRqn,[]
284,PNF Mike,1E9ywkeM5wzgc8nTE58PU4,[]
285,Grand-O,50wYfJvOR1Gk0xvpiV6uDm,[]
286,Sterl Gotti,5kkWJuBDaVv2TBuDCcg7EP,['detroit hip hop']
287,Various Artists,0LyfQWJT6nXafLPZqxe9Of,[]
288,Duston Siler,3AazFtYBd4Aj75mpZ0qILK,[]
289,Cagney edwards,76SQYMiHpG0j6uCTGMhiiO,[]
290,Benga,6lyYDuLxgcxPLH5RjUPH5p,"['classic dubstep', 'uk bass']"
291,Mr. Bankroll,7cQcCjAKJKEsLTn37CBQrL,['westcoast flow']
292,Plap Fieldz,5HO8I3YWRhVvNXQpXAN7FU,[]
293,Diomedes Diaz,66NweiA3nU84k1S3SZdTSG,"['cumbia', 'musica popular colombiana', 'tropical', 'vallenato']"
294,Speakers,4DHcMlW640J5pSP8R3D4sY,[]
295,Slim,33nrND6ODgesoa1Qmr5DbD,[]
296,Doeman,3AtopDTFDEWifbVQOUWz5F,[]
297,Celebration,6ITIhwzOeoG3BjX3Es1q0T,['baltimore indie']
298,Lucius,1WrqUPWlHN5FXCRcQgrkas,"['indie folk', 'indie pop', 'new americana']"
299,C.H.R.O.M.E.,5RdcBmagBnPvO5ekUc9bmZ,[]
300,Estrellas de la Kumbia,2TEs6ck1k6G842mXL1hscc,['cumbia sonidera']
301,Simon Core,0kzZc9RbbOjGkbPYdNeWA2,[]
302,LulMurder,1Ky5RAZoqmppuOkMExoTvt,[]
303,Ryan Arizona,0XYBM4RlkvJ7bly0G2ygmw,[]
304,Caligula's Horse,6Zd7AjXsoLaweP9FHyudVC,"['deep progressive rock', 'djent', 'progressive metal']"
305,Big-E Eli,0lB5XniTrk1dj4uHwJUYAq,['narco rap']
306,A Great Big Pile of Leaves,3bTTtdHi2gxhc8O68LNXXB,"['alternative emo', 'brooklyn indie', 'dreamo', 'emo', 'midwest emo']"
307,Jack Beats,5dUIQXIt7WeBKpETFZyTFW,"['bass house', 'fidget house']"
308,marcfrmdabityy,48gYVGqgAFpmLLJoyT1Gci,['florida drill']
309,Los K-Bros,6t0pW5dxdrPbrqnCK4sQ2f,"['chicago mexican', 'corridos tumbados']"
310,Blackjesus Yoshua,2Dy3fOAUcKb7G3NdUcQuEG,[]
311,The Lumzy Sisters,7xm11AVJYELMMIa5zArCuT,['contemporary gospel']
312,Embien,4KACX9SaKjjSY3qP8XNKPs,[]
313,XanMan,1cyidXIhLIwg1WAEm7rJQP,"['dmv rap', 'vapor trap']"
314,Various Artists,0LyfQWJT6nXafLPZqxe9Of,[]
315,Ghost Woman,4IEpQR24sUgq6BQw2MdZIy,"['chamber psych', 'crank wave', 'neo-psychedelic']"
316,NOVIEMBRE,4X9GWy5VTiowy4VvRc26ZZ,[]
317,Estevan Plazola,4Rh80sXmcG4xDP1r6dTNiQ,"['corrido', 'corridos tumbados']"
318,Daniel Ballinger,5zj7eNJ8KrcuaajL6sfuxD,[]
319,Young Tapz,3Ufjh9B15yzmuUlv5m1x3y,[]
320,Paris Street,08NgOOrJll4W7E7IS04CKC,[]
321,Paris Street,08NgOOrJll4W7E7IS04CKC,[]
322,Plainview Kiet,289Be5jdMDYWJf8NDHqNzW,['asian american hip hop']
323,Simon Core,0kzZc9RbbOjGkbPYdNeWA2,[]
324,Swazy Baby,5A6SjPKUaAY3phJcL0xtsp,[]
325,Nephew531,3rb6By9VZMAuZtXExt6p2A,[]
326,DJ ReMix Workout,4gJtt2PtDWnlu7Eg0mp3wT,['workout product']
327,WalknTalknCheck,2RTWfvTwjdpeCU3lEl6bVZ,[]
328,Widespread Panic,54SHZF2YS3W87xuJKSvOVf,"['athens indie', 'jam band', 'roots rock', 'southern rock']"
329,Paris Street,08NgOOrJll4W7E7IS04CKC,[]
330,The M-Zee Band,6mgsiaflAG9GqoRiFeJHub,[]
331,Royal D,1X8EOCeF9SpJUvLH2QG8Zt,[]
332,Paris Street,08NgOOrJll4W7E7IS04CKC,[]
333,FlashKdai,7yyxWDaP5WojTpRWTabEWj,[]
334,Heavy Hearts,5WH57wBnMti80IPvNFef8f,[]
335,Galy Galiano,2OSKh2JIKMr66DxByxhwzT,"['musica popular colombiana', 'salsa', 'salsa colombiana', 'tropical']"
336,Rob G,3Fi8QXNws0RkB8yl5DdRih,['texas latin rap']
337,Tkay Maidza,1kMPdZQVdUhMDKDWOJM5iK,"['alternative r&b', 'australian hip hop', 'escape room']"
338,Piano Mood,2aP89x4fqPqphWmflk2vFD,[]
339,Killz Aka Killa Kaunn,0nEMZYDCKRNpbsEkS8F6vI,[]
340,Rubblebucket,6xriZDSK3wPXhOoZXr9fzF,"['indie pop', 'shimmer pop']"
341,Verde Babii,53BJ60lhX4jJI51f3YAlo0,"['cali rap', 'westcoast flow']"
342,Free Range Marmot,2gmegPZIL7KYDXbCN7IY8Y,[]
343,Various Artists,0LyfQWJT6nXafLPZqxe9Of,[]
344,Cal Tjader,3XOVABzceOUTbR3iEz0ImO,"['bossa nova', 'cool jazz', 'jazz vibraphone', 'latin jazz', 'lounge']"
345,Gilles Peterson's Havana Cultura Band,4SoWhz7qApVfHCY5sy6Uq9,"['cuban alternative', 'latin afrobeat']"
346,Brooklyn Alexis,3diEaQs1REUgZyFRSklEVf,[]
347,Natalie,4lFOyLUXnV2Emuus9X8xpA,[]
348,Conjunto Alacrán,5F4kfSDVQCVBQivYUfJE4l,[]
349,William Clark Green,0cshCXEe1I7wlRwdrL91ZQ,"['red dirt', 'texas country']"
350,Sofi Tukker,586uxXMyD5ObPuzjtrzO1Q,['edm']
351,DJ Fun Love,1q1Z9ngsjqqvD56vefCLNf,[]
352,Cota,2e1yGR8FqYaOz962igAVIM,[]
353,Pookiegg,2Ui6FZ0i6KvJfizWnbaqQE,[]
354,Jon Randall,696mMRImtIkeOH1cZtwUgX,[]
355,King South,5OASGjcRSVU0IAS1nf7VHe,['alabama rap']
356,Nipsey Hussle,0EeQBlQJFiAfJeVN2vT9s0,"['conscious hip hop', 'gangster rap', 'hip hop', 'pop rap', 'rap', 'southern hip hop', 'trap']"
357,Brother Smith,3nrUYDcGmurwb4Jc2ZSmWF,['kentucky roots']
358,The Magnetic Fields,6RWjTQqILL7a1tQ0VapyLK,"['alternative country', 'alternative rock', 'anti-folk', 'art pop', 'art rock', 'chamber pop', 'dream pop', 'indie pop', 'indie rock', 'lo-fi', 'melancholia', 'metropopolis', 'permanent wave', 'tape club']"
359,Glenn Wiggins,74HzMSwuWd1ocW0EtYKDpT,[]
360,Cheeseburger,5NmN99CDgKpH4fQR5pJ4Oo,['garage rock revival']
361,Jesus Adame,07XVE0MtKBkaHfiacGsjhU,[]
362,Various Artists,0LyfQWJT6nXafLPZqxe9Of,[]
363,BallySlatt,4hSxe3R7q7srhm8hjeBSeO,[]
364,Soraya,5enSNzCwMx61gCMv9jaV4Q,"['colombian pop', 'latin pop', 'mexican pop', 'spanish pop']"
365,Rotten Sound,4aglyvdJ7ApTfDC6aQ2LFf,"['deathgrind', 'goregrind', 'grindcore']"
366,Nicky Bendix,7qi9Y0ib3vNkJbjLftbd4a,[]
367,CLiQ,2IQIEHvL14Tj7vOKHbIMMj,[]
368,Yung Cinco,3F6emzSuzTxYyhkszgQTIg,['sacramento hip hop']
369,D30,1upBc1lccb3lLZhTfgDE40,[]
370,Lil Boodha,5hjsabsYwVIZ4CYqrOxCVK,[]
371,Vittorio Grigolo,4g5uYNR1bRD4Tju6fIuBRC,"['classical tenor', 'italian tenor', 'operatic pop']"
372,Halcyon,61A3TYf5XJpEZ0oZn8Jd6T,[]
373,BtcJaybo,6mZGTiHFl1hKdNocvY22gA,[]
374,Various Artists,0LyfQWJT6nXafLPZqxe9Of,[]
375,Lil Yee,19lRQBKp4lxRDaxoKVUE9i,"['cali rap', 'west coast trap', 'westcoast flow']"
376,Conjunto Oro,5q6hPtWmFpje38EmPPlqHs,"['tejano', 'tex-mex']"
377,Various Artists,0LyfQWJT6nXafLPZqxe9Of,[]
378,Various Artists,0LyfQWJT6nXafLPZqxe9Of,[]
379,4gbrazy,0u5cJfs65oJyFN7m1bSPPD,[]
380,David Waxman,0dWGTlDQRPllVWKAjRyvlf,[]
381,Christina Aguilera,1l7ZsJRRS8wlW3WfJfPfNS,"['dance pop', 'pop', 'post-teen pop']"
382,Ryan Arizona,0XYBM4RlkvJ7bly0G2ygmw,[]
383,Los Jilgueros Del Arroyo,73IMhTEHADOXePZQ7co9r3,['deep norteno']
384,La Reunion Nortena,554Ew2NdutSKKljCiK3s3n,['norteno-sax']
385,Los Ángeles Azules,0ZCO8oVkMj897cKgFH7fRW,"['gruperas inmortales', 'musica mexicana', 'nu-cumbia', 'tropical']"
386,BMS Trapo,24sB5pglJFW7k1T3E2mQr7,[]
387,Orishas,2gKYxTUOqw9aPt7ljMwSHT,"['conscious hip hop', 'cuban alternative', 'hip hop cubano', 'latin alternative', 'latin hip hop']"
388,Bedtime Instrumental Piano Music Academy,5HWdIq3PMnRmEFKSBMXHn7,['pianissimo']
389,Esteban Camacho,6qOMimcJYDkF8uteIN026j,[]
390,Himesh Patel,7mFiLle487vR83fsFmcKgt,['hollywood']
391,Embien,4KACX9SaKjjSY3qP8XNKPs,[]
392,The Murlocs,0rH93aHDYyJfMAcPB9OKus,"['australian garage punk', 'indie garage rock', 'neo-psychedelic']"
393,Ghost Woman,4IEpQR24sUgq6BQw2MdZIy,"['chamber psych', 'crank wave', 'neo-psychedelic']"
394,09 Mafia,37po5wlBRp4R23thhsklAs,[]
395,Casi Joy,1TmbJIXsimxLRl1ynjp5rr,[]
396,Los Desertores de Durango,23gy0Z6YwIF8GObphQmKDN,['corrido']
397,Wavytheking,56mAEH8nzgKOgcRovUtjIJ,['kentucky hip hop']
398,YoungSix,4kiLyKD83gBPrhQTK09mp0,[]
399,The Big Trouble,1XeZ3JrqfDG2KVECysqrBr,[]
400,LilJoe211,7DCiB6f49jJS1tE0DksEMR,[]
401,Hermes Croatto,5g0oToPlyJavxM4zNSFeo9,['puerto rican indie']
402,C.H.R.O.M.E.,5RdcBmagBnPvO5ekUc9bmZ,[]
403,Mr. Pookie,2ioz5NKUj6650H80elrBGd,"['deep southern trap', 'dfw rap', 'dirty south rap', 'dirty texas rap']"
404,Benny Benassi,4Ws2otunReOa6BbwxxpCt6,"['dance pop', 'edm', 'electro house', 'pop dance']"
405,Flaco Jimenez,0VKuugYO6uuSOCGO62vk0M,"['polka nortena', 'tejano']"
406,Pilar Montenegro,5CSbKdrAQne1Jaen7pMkPF,"['latin arena pop', 'latin pop']"
407,Cade Holliday,0QNq5Ld1iY0TrzmnABZg61,[]
408,Luigi Arias,0vqQX1bA5106eQYUHybFKA,['bachata dominicana']
409,Bleach,6lMplGgLXsTOQpCnrcMObO,[]
410,Vivian Green,3t83f2J04dRWOpNBe9GTfs,"['contemporary r&b', 'hip pop', 'neo soul', 'quiet storm', 'r&b', 'urban contemporary']"
411,C.H.R.O.M.E.,5RdcBmagBnPvO5ekUc9bmZ,[]
412,LMG JMoe,5tmJgMTUqE0D40UqJKK0fc,[]
413,Tony Bush & tha Deacs,4dVQUDgP2JBaUCEslVDHfE,['contemporary gospel']
414,El Josi,7HIVxKVqHrQgKEbhtLTGkv,['tololoche']
415,Colton Rice,0OPHMjNswwI9prBeMX6Fyd,[]
416,Nilüfer Yanya,09kXLeOXRyfNQMXRaDO4qA,"['art pop', 'indie rock', 'uk alternative pop']"
417,Choppaboy,3Ehk1trAnjUoIPy95qXBLU,[]
418,Neon Indian,0KydPQPUUoTNhmiHKOg5Er,"['alternative dance', 'chillwave', 'denton tx indie', 'experimental pop', 'indie rock', 'indietronica', 'neo-synthpop', 'new rave']"
419,Trillville,3jahzTuztFVegfKXChatkY,"['atl hip hop', 'crunk', 'dirty south rap', 'gangster rap', 'old school atlanta hip hop', 'pop rap', 'rap', 'southern hip hop', 'trap']"
420,Family Mystic,0RvrErOqQIJsa0z6sJF0nM,[]
421,The Persevering Promise,5hOEzeIp1UscFnWt2oHRno,['electronicore']
422,Sasha Kim,5QzBsXXwIFToSWPTloSdan,[]
423,GrainFed,4GOqwXb6IzABG3wLwu9pqn,[]
424,BM Riqq,3TFHFtBZu3KpVJpEOPfA7G,[]
425,DEE4,6YDOpTGi0wKDSmqXMlTooC,[]
426,TW3 Dorsey,634XAlVU0L8JW4Psd0Hrr1,[]
427,Kt Foreign,5cArDHkqduJNS4bIuR1mnU,"['cali rap', 'west coast trap', 'westcoast flow']"
428,Lil Kel,1Aq2AlqV7FaTTAQdNi7XpQ,[]
429,Stranger Company,6s3e1JljgvtD6Kn7kCkySN,[]
430,Pentecostal Singers,2VdtSEvmtCS4EgPD3om4i4,[]
431,C.M.L.,5z5Wgdaa8Z16FrWxXdmXCT,"['cali rap', 'sacramento hip hop', 'west coast trap', 'westcoast flow']"
432,Janie Waddell,5bxvLOrScSFMsBhzBeRDjD,[]
433,Indo Baba,78IWpifL1ZFXIdThbQdAkm,[]
434,LuvSmokeyy,3nuHp7URfBjnG6XKEQ4Oqq,[]
435,Satin,5p6th7vt7x3vFbBYmhOFsE,[]
436,Luh Smurf,5XSw4qLIYjLWlET5Q2ssBC,[]
437,Baby Drew,3DbiB9DOGjjhSTTId4Mr5N,['milwaukee hip hop']
438,Satin,5p6th7vt7x3vFbBYmhOFsE,[]
439,Satin,5p6th7vt7x3vFbBYmhOFsE,[]
440,Exodus Music and Sound,3MrKXUUaLX9IpA7c7yLoiJ,[]
441,Bearcap,7drZp0M0rdQK8NofQErze1,[]
442,Grupo Recien,4Nnqw0OjHeZHdVOIDUx2br,[]
443,The Oak Ridge Boys,3XnO697XIus1M0cMuxZjos,"['classic country pop', 'country', 'country rock']"
444,Robert W Hildreth,2fg9LdCuCATms4MeasKlIg,[]
445,AntVerson,0pLYNvqUQOw0xXNOFnjUzq,[]
446,Various Artists,0LyfQWJT6nXafLPZqxe9Of,[]
447,Swoe Whoa,7eEEYCI4h2rWffduvxylhO,['indiana hip hop']
448,Melanie Comarcho,2FlKuMA8BFBu6vqz9bfzHo,['black comedy']
449,Nuclear R,2zZckdBTS6Tq2jPT31DOfJ,[]
450,Calvary Chapel Chattanooga,3s3LZL7NxIWzjG4KjS9r2O,[]
451,Neisha Neshae,7IAHqUnycA5bsMGTVxmqJg,"['pop r&b', 'trap queen']"
452,C Lova,5dPfET1B7Qq0CcDh6pMCQC,[]
453,SonsOfNotown,3XTTejhrS5hRlWlG8cVk2N,['hmong pop']
454,Adrian Bagher,2LtS36tEm1eMboVt2gQaxm,[]
455,janeylee,3HhiMK9Qs4eRyNwqvsia1W,[]
456,The Aliens,2taskxQtqFbrsVPUCXZPQN,[]
457,Fargoneworld,6VI64JANOMU95vT1FcSiMf,[]
458,Jay Brown the Cowboy Boss,2PfYazboLumxdDM3X3A0U7,[]
459,Grace Potter & The Nocturnals,23OknxGcY1i5xX1TRPilMj,['modern blues rock']
460,Last Minet,7HILuKoH85UvbywhftDQIV,[]
461,Gwilym Gold,2tNUKcbM4BqLCkbhGZqcyI,['chamber psych']
462,The Swanee Quintet,67e9zFPGfArCVC7A22Gog3,"['contemporary gospel', 'gospel singers']"
463,Various Artists,0LyfQWJT6nXafLPZqxe9Of,[]
464,Sharam,7rVEQZBDtYmToQaYOQJCm2,[]
465,Bebe,2byU53ebtTxcAnIRE814Ts,"['latin alternative', 'spanish pop']"
466,Rocco DeLuca and The Burden,6bllZtx0FQKwp40G2UGiHS,[]
467,Lilgrouch,2RqrkB2aFnFHKuWiYT1niY,[]
468,Tanapee,0jO0c3AKGVYs3uWjYhwPE2,[]
469,Flight 409,65XqD2EobjY6pxik7FOPxo,[]
470,A1 Blanco,4Zl8Sj1YPz90lf8PacwdDi,[]
471,Mike Broussard and Nu'edition Zydeco,1xPw4w8v6gl6zXaHO9VhP2,[]
472,Big Scarr,579LsvZcRVKtToYjS0tkKz,"['memphis hip hop', 'southern hip hop', 'trap']"
473,MWGH,4X1rTKd3sm0AcGjwfpUxSB,[]
474,CZONNE,0Yp59Sp7NsysLQa4XG2PlM,[]
475,The Tuesdays,71mSZk30FQAMTLbCkdENjG,['candy pop']
476,Anexo Al Norte,5uSdqy0z2BzoMIOQod74DC,['norteno-sax']
477,The Murlocs,0rH93aHDYyJfMAcPB9OKus,"['australian garage punk', 'indie garage rock', 'neo-psychedelic']"
478,Coley Ru,0slhXPTEtHVVwh3pvibKep,[]
479,Meechie Greedy,7wlkCkcGY9RZ7PwOspwwYQ,[]
480,Omar Cunningham,2o7JH91l49F2yNM0y46nST,"['southern soul', 'southern soul blues']"
481,Foreigner,6IRouO5mvvfcyxtPDKMYFN,"['album rock', 'classic rock', 'hard rock', 'mellow gold', 'rock', 'soft rock']"
482,Roy Trinity,1lRis7gOtNOGsGxZwhK2Uf,[]
483,Gdotvelz,2xQIlTE53bqMPakobNrhEf,[]
484,Knowbody,5wVKujyfQjcfnXDoBTOYV2,[]
485,I Am Kloot,4IDoKaZIEacb3QncU8RQMp,"['acoustic rock', 'britpop']"
486,MWGH,4X1rTKd3sm0AcGjwfpUxSB,[]
487,Wnc Whopbezzy,0JW2Wt06NncqOxA905C7Z3,"['baton rouge rap', 'deep southern trap', 'florida drill']"
488,Galeto,4iCOCKQGfWV0AwMuUMCbbR,[]
489,Lil Suede,4dtkgBiJsabuoCwtEt7pno,[]
490,Various Artists,0LyfQWJT6nXafLPZqxe9Of,[]
491,Ultrabeat,596ByjVYnslGJIHxEBGjF8,"['bouncy house', 'eurodance', 'hardcore techno']"
492,JJ Hairston,2PiKaajF8T1X6KGgvYlxOD,['gospel']
493,Second Wind,2TD8P6kHxJL9B3qAzimr4W,['texas hardcore']
494,White Field Harvest,6YWz3DhHfN2nxwedMclAh5,[]
495,Plasma Force,7e3zyoTomsZ4a9lZbE5C5k,[]
496,Mythology,1owWxNYbvJEtrz4T0aOBpU,[]
497,NateSoSlimey3x,2KrAS022J6khJZ4S30dJug,[]
498,Mars & Zay,1yW84BQiTdAHkKi6FTTqi2,[]
499,Skándalo Musical,2BYAJxjhECFdF0cw1fs5bv,[]
500,Grayso Onnago,04erNoiMQtgVkhACxwFe4T,[]
501,Blackjesus Yoshua,2Dy3fOAUcKb7G3NdUcQuEG,[]
502,Indiana,7a5Srm7U661DotL6VWRmYk,[]
503,Rene Marie,5gfa9OyRukLepIm6MME4bb,['contemporary vocal jazz']
504,Edith Márquez,7afXSXOa8dE3c2C5XIguAv,"['latin arena pop', 'latin pop', 'mexican pop', 'nueva musica mexicana', 'ranchera']"
505,Tyree Neal,16BFzhSjtzVlT5DfkaEyTM,[]
506,62 Flat,5SZ2vWKL4CZR4ZIdPwFJJc,[]
507,Soft Swells,6GZtYGgIzJHSJsiV43qvuK,"['indie psych-pop', 'lo star']"
508,Tay G,7Fs12pWnztgd2dp03114CC,[]
509,K3dahound,0uhW7cJbVDgSm1K3W2Mrwf,[]
510,Platinum Hit Cast,7sDFh5phnwU5EAIAepDrhX,['idol']
511,88thagang,1m3X5E8NvaHIKLTk1xf2af,['san diego rap']
512,Uzzy Snubbz,1g8nfykJe21yc8VOtcwIst,[]
513,SF Publish,7naEZPe07C781KahFaJomv,[]
514,Definitely Not Dave,0UiGmAj2pDJEpPAqYT7eLy,[]
515,BLAISE MC,1a2UYrNrjCilHH6lBETERb,[]
516,Grupo Renuente,5XeyfGFfJRKI2nCtxjlZTE,"['corrido', 'corridos alternativos', 'corridos tumbados', 'musica mexicana', 'nueva musica mexicana']"
517,Glen D. Giles,3zmvozr5CEVOkhwSpUfZnz,[]
518,LoQuacious,5nHobhTCz7i2E5RS6CcoCl,[]
519,Tokyo Shamir,00XNIrNMdIlJaJzTzvPleV,[]
520,Alan Whitney,46CDJ2vIm6hojt5KHYG8Ss,[]
521,lil play,5Xvzp8Aa02irwjbF8Ob7Vb,[]
522,Stunna Bam,1oouccpDDuphc2a5qUBJ50,['houston rap']
523,LaMorris Williams,4HI3EC8lw4RyqAqFLASGrU,['southern soul blues']
524,Doeboi909,1fEMhYVIObipE7MEYEoZvG,[]
525,Starlito,4SjND9kT6Ja5TSPZTyUUab,"['deep southern trap', 'dirty south rap', 'gangster rap', 'memphis hip hop', 'nashville hip hop', 'southern hip hop', 'tennessee hip hop', 'trap']"
526,Conjunto Renacer,6YgtYiy3N07q0mpJ3WmObh,['norteno-sax']
527,John Hammond Jr.,3vGNC6AxklaHcsli3XSjV5,[]
528,Mutant Fortress,72MH012TWUP5Jlf55bTtXh,[]
529,The Wilburns,4CDU69QdKaHw11Hf2DjFbk,"['family gospel', 'southern gospel']"
530,Lil Dalvin,7Fra6SrF5AXF4mjQHc11t5,['south carolina hip hop']
531,Antonio Delvanni,7hx5WPafiScJ6nFiW66bAJ,[]
532,LIL Celebrity,7zFlIOD0gmJcXjHfzQ6WHL,[]
533,晴屿,6slktpHrlXtW0Sd4B0JUzI,[]
534,Justo Gz,4GRAHTzJJAlmEtMbmcEhmA,[]
535,Veronica Deniz,0lcGl0L3UguE5GP68j4J19,[]
536,Headache Relief Unit,5Q2BJu4aKY4WYxS4gZfu2D,['binaural']
537,Mar '17,2hRoooTu4f7y6D3WgKPkLP,[]
538,Emanuel Beene,02UGer6nbKgwC98p8g2kgA,[]
539,Blkkkgod,5BQyw3qeBBBU3cBAiKtXma,[]
540,Maddogmadeit Beats,4L9hoIv1xpHD8NGok1HkTj,[]
541,Ocean Sounds,7g56xCsozigPH5OgmwinYA,"['environmental', 'sleep', 'water']"
542,Christmas 2018,0kfjNNaDWCty5QvomdYqPn,[]
543,Childish Ed,2x478upejnXUudjE4ibQ6q,[]
544,Wsb Stepp,4PG3AwGMtwXQVqcT3p5fth,[]
545,INXS,1eClJfHLoDI4rZe5HxzBFv,"['australian rock', 'classic rock', 'dance rock', 'funk rock', 'mellow gold', 'new romantic', 'new wave', 'new wave pop', 'pop rock', 'rock', 'soft rock']"
546,Spadez,3wraFYiKsYPy4jtqh9Kpbw,[]
547,Clara Ponty,6DlfpltePGjtO57AncSofZ,[]
548,Grupo Imposible de Raunel Lopez,0u7ALX9dcyqIR4Cv0gyCNf,[]
549,Fergie,3r17AfJCCUqC9Lf0OAc73G,"['dance pop', 'pop', 'post-teen pop', 'rap', 'urban contemporary']"
550,Steppa,3wnuQEsdJYSNtnh71R5KOX,[]
551,L.A. Orquesta Nueva Revolucion,4zIt3eKKZNQhfJz6bNIvPt,[]
552,Yg Teck,26hDmlgTbg7wseM7YmoyO6,['baltimore hip hop']
553,The Clarks,2lAPrQNoGqedH9JVzOi5y0,"['pittsburgh rock', 'pop rock']"
554,Kathy Mattea,7ndzHjxbErIwvwnEUewMWe,"['country', 'country rock']"
555,El Javi,6qZksHG4gzbRx3FZplO4Ls,[]
556,Max Roach,6jrlNnS5B830kpi40j3S6g,"['avant-garde jazz', 'bebop', 'contemporary post-bop', 'free jazz', 'hard bop', 'jazz', 'jazz drums']"
557,Born Stunna 3G,6uzgCCW4IxAQIgLAjZ9qrz,[]
558,Dj Toned Dyne,1fBWML8ulFfm4bkvjbIdgx,[]
559,Eztilo,3J771HUKM3STuAs0jDgfTX,[]
560,Tgfromthe4,0oQD1YxX58eK3HGhOsv82A,[]
561,Nelly,2gBjLmx6zQnFGQJCAQpRgw,"['dance pop', 'hip hop', 'pop rap', 'southern hip hop', 'st louis rap', 'urban contemporary']"
562,Diamond K,49EpGlFcfIaIcgPBdOrXOh,['bmore']
563,Various Artists,0LyfQWJT6nXafLPZqxe9Of,[]
564,J. Chang-Tablada,75PUh9SDKHESTdf2HIz4k7,[]
565,Various Artists,0LyfQWJT6nXafLPZqxe9Of,[]
566,tUnE kOrLiOn,2fwiIL7A5AqiW1HvVpr0Nu,[]
567,Barreto el Show,2tZTRbJlPaHYjXRBMIrKaN,[]
568,Kylo Gun,2SNRTDQkECXZZdaOkxlyyp,[]
569,Young Sims,10HxnlgewgvRWdyakhL0oJ,[]
570,Los Tigres Del Norte,3hYtANQYrE6pd2PbtEyTIy,['norteno']
571,FlowDigOnTheTrack,6TRLC9Pa8gRPNr57mx6lac,[]
572,SINNA LOWKS,5ptldCuoy6K4Sez6XKPTHk,[]
573,Various Artists,0LyfQWJT6nXafLPZqxe9Of,[]
574,Peter Nero,4LRsjW7ygBG4oiTRn08gEx,['easy listening']
575,Conehead Buddha,5xBf94AhzbydZprdlzSB1C,['punk ska']
576,Jarryd Elias,6QFHdqUR0tQQgS1AOPefl0,[]
577,Various Artists,0LyfQWJT6nXafLPZqxe9Of,[]
578,FGM HEC,1N7C8D9AjiVTWMrP60e9Xy,[]
579,Jordan Rodriguez,4pFgtvVSMU4AkBoG27GPet,[]
580,The Frantic,21QeLiM1lkgJWKP7knbR78,[]
581,Steve Chavez,5oUdFQtuKG6NvooPNU6aPL,['new mexico music']
582,P.T. Elle,4D2dRTyVYmXCULhNvQoK52,[]
583,Rahzy,0DGIiKZQXBpGvg2TfwHoBd,[]
584,Myles T. Jordan,6icmSmI9WYHmFFS1XbQTaO,[]
585,Cglizzay,40LPWCSCp3PS91n3bZ176H,[]
586,Dark Shadez,2OIoLy1nUcHBhgYkJLkseO,[]
587,Sonido Del Bosque y Naturaleza,6PRe5HDIEyLz7Mw1yUNBWk,"['musica de fondo', 'pianissimo', 'world meditation']"
588,G-9lock19,539x4PIFYuUvMFjf3fnQMW,[]
589,L.A. Orquesta Nueva Revolucion,4zIt3eKKZNQhfJz6bNIvPt,[]
590,MAGIC GIANT,7eaa5bidliPI0djFYv166f,"['folk-pop', 'indie poptimism', 'modern rock', 'pop rock', 'stomp and holler']"
591,Satchel Grande,3K4qEF2nQSPNAkluwXsevh,"['lo star', 'omaha indie']"
592,L.A. Orquesta Nueva Revolucion,4zIt3eKKZNQhfJz6bNIvPt,[]
593,Childish Ed,2x478upejnXUudjE4ibQ6q,[]
594,The Spencers,6tz7lTHNSeixFCl5yoykow,[]
595,Sniggy,5tieauejCfLpKhoJBWle0j,[]
596,Louie DeVito,2CubV3xWDcxDXPh4DeBoJP,[]
597,Various Artists,0LyfQWJT6nXafLPZqxe9Of,[]
598,L.A. Orquesta Nueva Revolucion,4zIt3eKKZNQhfJz6bNIvPt,[]
599,L.A. Orquesta Nueva Revolucion,4zIt3eKKZNQhfJz6bNIvPt,[]
600,Buddy Jewell,43c94u7flZbHSdDaUuohqS,"['country', 'country road']"
601,Huncho Kz,42BpxDEPrZVlbnGmy6qo6B,[]
602,The Dandy Warhols,7siPLyFwRFYQkKgWKJ5Sod,"['alternative dance', 'alternative rock', 'electronica', 'indie rock', 'modern rock', 'pop rock', 'rock']"
603,L.A. Orquesta Nueva Revolucion,4zIt3eKKZNQhfJz6bNIvPt,[]
604,Hope Waits,7K9yMpVb8xXQmykTVESwVl,[]
605,The Dave Clark Five,2HBbky0Z08ZcCKVsXWbNE4,"['british invasion', 'bubblegum pop', 'classic garage rock', 'classic rock', 'folk rock', 'merseybeat', 'rock-and-roll']"
606,Tre Deuce,6iYWKDfN9sl6msxol5lXsb,[]
607,Rearview Mirror,3fPwuW7CSw1NWWlKdqHDqj,[]
608,L.A. Orquesta Nueva Revolucion,4zIt3eKKZNQhfJz6bNIvPt,[]
609,L.A. Orquesta Nueva Revolucion,4zIt3eKKZNQhfJz6bNIvPt,[]
610,VLAD,7Df7xzBSJkQrrj1anMmlrt,[]
611,Rokkout,6KEawHMgXiJNzlEFO4eIr5,[]
612,D4oesz,3QxxHchBj22gglBwst7T2y,[]
613,Kemar,0uPb7ereK2iLgp90FVGnrs,[]
614,Trxuma Wisdom,09HsB4a4n3TuVXSVBvbwWf,[]
615,Rob Cobb,3lJPEKZf1ZuKMkVu5i3fPw,[]
616,Bluejeans,1Cwg0Tu5bpHLFCfQU11Zdd,['blues band']
617,Ryan Arizona,0XYBM4RlkvJ7bly0G2ygmw,[]
618,L.A. Orquesta Nueva Revolucion,4zIt3eKKZNQhfJz6bNIvPt,[]
619,Era Istrefi,4poL7YCSkG7kMnWjAdDU91,"['albanian hip hop', 'albanian pop', 'kosovan pop']"
620,L.A. Orquesta Nueva Revolucion,4zIt3eKKZNQhfJz6bNIvPt,[]
621,Emperor,00auXz6QwjTB7CxRY6U8Js,[]
622,8ball sosa,4IPd1Y8z6IAlCFtlzgwytI,[]
623,Yah’Lay,0rruWBFDLBmhAJePEPFb1G,[]
624,nightinvenice,59ZSfz2D9oFx213mWsN1W1,[]
625,Avid Waves,6i6Q7E1uMaq6esTbUsM4jW,[]
626,Kash Boutpaper,6xeYHmW1s6BI5UuLnz0svm,[]
627,Lurch Marley,5NY9kdDrXP4DYlr8bhC3KF,[]
628,Константин Муллов,3mjIHMoApn1alXXgJ3fElo,[]
629,The Statesmen Quartet,1TQRZOjWtycPGOeQxFuQ01,[]
630,Garret Fitch,6DVQTLjmgQMIgsEf61zB7z,[]
631,Remy Ma,39mHYiNmLR7p8PXNG8Wll6,"['alternative r&b', 'bronx hip hop', 'hip pop', 'r&b', 'trap queen', 'urban contemporary']"
632,Mikey E4S,2beeSa1LmMfcWeZZ7VQuWq,[]
633,Allcapsallan,0v5Ou4V8CjZ9Rd7CeXe4p2,[]
634,Shadoelo,1kgMZcDlwFxSBDo3rLdTX4,[]
635,WOK BANZ,1ECOhDCO6kvca2qYpO2nn1,[]
636,Christina Milian,4eAOcbAXIF4BmbN6E1QIlw,"['dance pop', 'hip hop', 'hip pop', 'post-teen pop', 'r&b', 'urban contemporary']"
637,SMAC,4mW749IXJmINxXtLmoiALv,[]
638,II Real,4r0Y16QAOEVgCbib8UGWDc,[]
639,Sleep Babies Sleep,5GMlj8uIts4WyM5jvTfVD3,[]
640,Mercho Music,0CMP8SzLq36f4ErJP9ITZB,[]
641,HULKSICKO!,5uC5Ppmodcod5HK5a1sPWS,[]
642,Teeking Magic,6InnsiA1EqrWy5TXEBhbsa,[]
643,RasCity,7wvwq2lznjoln2pt8Tid1u,[]
644,Watts & Ron-C Of The Swisha House,4sXGG9tTSvpwGHTTfG2v1P,[]
645,Alien iPlayA,5ASMnSqT0xfDM3153ecq6x,[]
646,GB Leighton,52nrhJFn76G2m2GmXYHeo2,[]
647,MWGH,4X1rTKd3sm0AcGjwfpUxSB,[]
648,SOTO,5TBX5g6a0e12H3d0jnsa44,[]
649,MWGH,4X1rTKd3sm0AcGjwfpUxSB,[]
650,Sirsy,4G1ItxIYGV6Zb7JjVWLxkb,['indie singer-songwriter']
651,RenzoBeats,6CbRnQuTNQUpxLLCURl8Y8,['drill beats']
652,Quiet Money Dot,0JacImaOrvpwXcVHeagnI7,[]
653,Brightside,5fhJVb039A8s4fbUhyA2UT,"['pittsburgh indie', 'pittsburgh indie rock']"
654,Charles Billingsley,25rFinQrFA85UTkU88gC5d,[]
655,Bobby Timmons,0xRqtLGIVSzXM9yg2wFMLC,"['bebop', 'hard bop', 'jazz', 'jazz piano', 'soul jazz', 'stride']"
656,New Jersey Mass Choir,4zId8t69FVytHfVhxFRXEH,[]
657,Jacob Armitage,0LThakgD1db4sbo4tPAhIy,[]
658,Laika & The Cosmonauts,6UmSNX1sClVl8rYnig3t9i,"['indie surf', 'instrumental rock', 'instrumental surf', 'rautalanka', 'surf music']"
659,The Floating Men,3YRF03yQwJbe5nH7FH5cRu,[]
660,Leon Cruise,57oYN9KdFduOzyy9BfIVOy,[]
661,KJBroadus,4SSe4M03Z06pQGfTkW2a99,[]
662,Kudrow,1u8kbhIhPR6NSZORn5hGWC,[]
663,The Songs of Love Foundation,3mWUgfuM0y3MxscWg14QkE,[]
664,42oH,0D9wDNrTOAMuYhYASI6x3x,[]
665,Preston Gunderson,1yxgtesYYV5bztodL8z34K,[]
666,G.E.M.S.,6tItPmnPIu5s63W3AtNIfj,[]
667,Billy Bang Bang,3du8dHhUSe9Ioa8Hja5YC3,[]
668,Lil Polo Da Don,11VECnZ77NAX6z9BBPDNaw,['florida rap']
669,Bedtime Instrumental Piano Music Academy,5HWdIq3PMnRmEFKSBMXHn7,['pianissimo']
670,Fie Beezy,4Z4Cug9YhypuUcS5oHqIuz,[]
671,Oakwood University USM Alumni,1Ao1DhC19WbIBFhia56jiP,[]
672,Ed Perrone,7CHelAZAEpbHmziNGYmnEA,[]
673,So Shiesty,2nruIwleAfXmABTdMK4OfZ,[]
674,Bleed The Dream,6JBLtwygYlD0SEDo1jSKGl,['screamo']
675,Dead Winter Carpenters,0Io06nX5deJhXrzormkc0h,"['bakersfield sound', 'jamgrass']"
676,Frankie Liszka,1RDr8cjueNC8dqeuahDIUK,[]
677,DB MONEYCRAZY,23668uRUnvjPq1SV7vdcbe,[]
678,Harry Manfredini,0glnfooyjCIrqsFTedwz3h,[]
679,Coral Thief,0ADgwC0jnNJzfvnBGgiUQQ,[]
680,Roberto Tapia,1TZXFnFYNzRTDrNFoH8YC0,"['corrido', 'corridos alternativos', 'musica mexicana', 'norteno', 'nueva musica mexicana']"
681,MT Kbandz,2bdzDiDkvs0r81J8iWEcq4,[]
682,J-Hustle,3W0XkMCqC36D2bLGyr4jBm,[]
683,Zella Rae,6hTwUvFTHrg4h3rJBERgOL,[]
684,Adam Ezra Group,0YZYZQRglf6GA3b6ffiAd2,[]
685,Various Artists,0LyfQWJT6nXafLPZqxe9Of,[]
686,Tyson James,1y5jzAFGwRwzBQq7QnqyLE,['maga rap']
687,Various Artists,0LyfQWJT6nXafLPZqxe9Of,[]
688,Ian Steinberg,1ixwohLhY02Zv16z6akEGZ,[]
689,Zach Regan,28YUeD35nl3u74HLa61jLN,[]
690,Son of Perdition,4hJMakQodftTQAyeiTKe9f,[]
691,FANTA ROSARIO,60QJavT1315GeS57lU0YXN,[]
692,Shadowdream,5ZQWVA5o4OB33cKGCQcDSX,"['dark jazz', 'serbian metal']"
693,Lilgrouch,2RqrkB2aFnFHKuWiYT1niY,[]
694,Gilberto Perez,1IO0WkZWzbgg55hegJ0K1H,['tejano']
695,E-ROB,198In5IBvq8EBKuzMVG07p,[]
696,Cachas De Oro,17FY0cfPgTE9dHFHU7kxcU,['sad sierreno']
697,dpebbs,2MkCPcdsmMRqcKdTOshHXY,[]
698,Koana,6xF2XS8AcpeUl0TzA5rMsf,[]
699,Lil Slugga,0XDvHPfeG0WS9HtRn7WPpd,[]
700,T-Tomp,2KHLOGJ2TIaeUmVOEIxALG,[]
